{
  "benchmark": {
    "sourceStudy": "Study 2",
    "sourceMetric": "positive_density_valued",
    "filterRule": "negative_density_valued < 1",
    "sampleSize": 565,
    "filteredOut": 2,
    "min": 0.251462,
    "max": 2,
    "mean": 1.021989,
    "percentiles": {
      "p10": 0.6,
      "p25": 0.763636,
      "p50": 0.973684,
      "p75": 1.273684,
      "p90": 1.494505
    },
    "sortedValues": [
      0.251462,
      0.257895,
      0.30719,
      0.309942,
      0.331579,
      0.352632,
      0.361905,
      0.363158,
      0.381818,
      0.382353,
      0.390476,
      0.405263,
      0.405263,
      0.421053,
      0.424837,
      0.436364,
      0.436842,
      0.488889,
      0.490196,
      0.5,
      0.505263,
      0.510526,
      0.512821,
      0.516667,
      0.521053,
      0.526316,
      0.531579,
      0.531579,
      0.536842,
      0.542105,
      0.542484,
      0.54386,
      0.55,
      0.552632,
      0.555556,
      0.557895,
      0.558824,
      0.567251,
      0.571429,
      0.573684,
      0.578947,
      0.581699,
      0.584211,
      0.584211,
      0.584211,
      0.588235,
      0.590643,
      0.590643,
      0.593407,
      0.594771,
      0.596491,
      0.6,
      0.6,
      0.6,
      0.6,
      0.6,
      0.6,
      0.602941,
      0.604396,
      0.605263,
      0.606061,
      0.610526,
      0.610526,
      0.610526,
      0.615789,
      0.617647,
      0.619883,
      0.625,
      0.626316,
      0.626316,
      0.628205,
      0.631579,
      0.633987,
      0.636364,
      0.636842,
      0.639706,
      0.641667,
      0.642105,
      0.642105,
      0.647368,
      0.65,
      0.651515,
      0.652632,
      0.653846,
      0.654412,
      0.654971,
      0.657895,
      0.663158,
      0.663158,
      0.666667,
      0.666667,
      0.666667,
      0.666667,
      0.666667,
      0.672515,
      0.673203,
      0.673684,
      0.676471,
      0.678947,
      0.679487,
      0.686275,
      0.689474,
      0.689474,
      0.690058,
      0.691176,
      0.691667,
      0.692308,
      0.694737,
      0.694737,
      0.7,
      0.705882,
      0.710526,
      0.714286,
      0.714286,
      0.721053,
      0.721053,
      0.725146,
      0.726316,
      0.726316,
      0.727941,
      0.730769,
      0.731579,
      0.731579,
      0.731579,
      0.731579,
      0.732026,
      0.732026,
      0.733333,
      0.738562,
      0.742105,
      0.747368,
      0.747368,
      0.752381,
      0.752632,
      0.752632,
      0.752632,
      0.757576,
      0.761905,
      0.763158,
      0.763158,
      0.763158,
      0.763636,
      0.766082,
      0.768421,
      0.768421,
      0.771429,
      0.772059,
      0.772059,
      0.772727,
      0.773684,
      0.777778,
      0.777778,
      0.778947,
      0.778947,
      0.778947,
      0.778947,
      0.779412,
      0.780952,
      0.783626,
      0.784211,
      0.784211,
      0.784314,
      0.789474,
      0.790476,
      0.794118,
      0.794737,
      0.795322,
      0.8,
      0.8,
      0.8,
      0.801471,
      0.803922,
      0.803922,
      0.805263,
      0.805263,
      0.812865,
      0.813187,
      0.815789,
      0.815789,
      0.815789,
      0.815789,
      0.816667,
      0.818713,
      0.821053,
      0.821053,
      0.822222,
      0.823529,
      0.824176,
      0.824561,
      0.825,
      0.826316,
      0.831579,
      0.833333,
      0.833333,
      0.836601,
      0.842105,
      0.842105,
      0.845588,
      0.846154,
      0.848485,
      0.852632,
      0.853801,
      0.854545,
      0.857143,
      0.857895,
      0.857895,
      0.858974,
      0.861111,
      0.863158,
      0.863158,
      0.863158,
      0.865497,
      0.866667,
      0.866667,
      0.868421,
      0.868421,
      0.868421,
      0.873684,
      0.875,
      0.878947,
      0.878947,
      0.884211,
      0.884211,
      0.888889,
      0.889474,
      0.889706,
      0.894737,
      0.894737,
      0.894737,
      0.894737,
      0.9,
      0.900585,
      0.900585,
      0.905263,
      0.910526,
      0.910526,
      0.911111,
      0.912281,
      0.912281,
      0.912281,
      0.915789,
      0.915789,
      0.915789,
      0.915789,
      0.915789,
      0.916667,
      0.916667,
      0.916667,
      0.921053,
      0.921569,
      0.923977,
      0.926316,
      0.926316,
      0.927273,
      0.931579,
      0.931579,
      0.931579,
      0.931579,
      0.931579,
      0.933824,
      0.934066,
      0.934066,
      0.935897,
      0.936842,
      0.942105,
      0.942105,
      0.944444,
      0.947368,
      0.95,
      0.952381,
      0.952632,
      0.953216,
      0.955556,
      0.957895,
      0.963158,
      0.963158,
      0.963158,
      0.963636,
      0.964912,
      0.964912,
      0.966667,
      0.968421,
      0.973684,
      0.973684,
      0.973856,
      0.976608,
      0.978947,
      0.978947,
      0.989011,
      0.989474,
      0.989474,
      0.993464,
      0.993464,
      0.994737,
      0.994737,
      0.994737,
      1,
      1,
      1,
      1,
      1,
      1,
      1.005263,
      1.005263,
      1.005263,
      1.005263,
      1.005848,
      1.006536,
      1.010526,
      1.010526,
      1.010526,
      1.010526,
      1.013072,
      1.015789,
      1.017544,
      1.017544,
      1.018182,
      1.019608,
      1.023392,
      1.026316,
      1.026316,
      1.026316,
      1.029412,
      1.031579,
      1.031579,
      1.031579,
      1.032967,
      1.036842,
      1.036842,
      1.041667,
      1.042105,
      1.042105,
      1.042105,
      1.044444,
      1.045455,
      1.046784,
      1.052288,
      1.058824,
      1.060606,
      1.065359,
      1.065934,
      1.071895,
      1.073684,
      1.075758,
      1.078947,
      1.081871,
      1.083333,
      1.083333,
      1.084211,
      1.087719,
      1.088889,
      1.090909,
      1.090909,
      1.091503,
      1.091667,
      1.098901,
      1.1,
      1.105263,
      1.105263,
      1.105263,
      1.110526,
      1.121053,
      1.124183,
      1.126316,
      1.126316,
      1.131579,
      1.131579,
      1.131579,
      1.131579,
      1.140351,
      1.142105,
      1.142857,
      1.147368,
      1.147368,
      1.147368,
      1.147368,
      1.157895,
      1.157895,
      1.166667,
      1.168421,
      1.173684,
      1.173684,
      1.178571,
      1.178947,
      1.181818,
      1.183007,
      1.184211,
      1.189474,
      1.192982,
      1.2,
      1.2,
      1.208791,
      1.210526,
      1.215789,
      1.216374,
      1.21978,
      1.222222,
      1.222222,
      1.222222,
      1.226316,
      1.226316,
      1.226316,
      1.231579,
      1.239766,
      1.242105,
      1.242105,
      1.24359,
      1.247368,
      1.248366,
      1.25,
      1.25,
      1.251462,
      1.252632,
      1.252632,
      1.254545,
      1.263158,
      1.263158,
      1.263158,
      1.264706,
      1.266667,
      1.266667,
      1.269006,
      1.273684,
      1.273684,
      1.278947,
      1.278947,
      1.282051,
      1.283333,
      1.285714,
      1.285714,
      1.285714,
      1.285714,
      1.28655,
      1.286765,
      1.288889,
      1.290909,
      1.294118,
      1.294118,
      1.294737,
      1.294872,
      1.298246,
      1.298246,
      1.3,
      1.3,
      1.301471,
      1.305263,
      1.30719,
      1.307692,
      1.311111,
      1.315789,
      1.318681,
      1.321053,
      1.323529,
      1.326316,
      1.327273,
      1.333333,
      1.333333,
      1.333333,
      1.333333,
      1.333333,
      1.333333,
      1.342105,
      1.347368,
      1.352381,
      1.357895,
      1.357895,
      1.361905,
      1.363158,
      1.368421,
      1.371429,
      1.373684,
      1.373684,
      1.380117,
      1.384211,
      1.391667,
      1.397661,
      1.4,
      1.4,
      1.403509,
      1.405263,
      1.410526,
      1.410526,
      1.415789,
      1.421053,
      1.426316,
